place_id,place_x,place_y,propulsiveness,attractiveness
place_0000,587.4579,1820.4099,34.6273,13.4460
place_0001,735.5772,1244.0540,7.2038,5.3026
place_0002,1244.0377,1221.2669,10.4540,18.7141
place_0003,1044.1752,1315.9432,91.1287,16.3345
place_0004,1385.6620,1514.4903,4.3014,42.0637
place_0005,1405.1813,1534.5760,4.1566,43.9045
place_0006,1170.6921,1872.1724,33.8677,10.0657
place_0007,1443.8361,1451.6128,4.3982,10.2658
place_0008,861.3231,1041.9078,17.3262,20.8643
place_0009,1251.5511,1010.9406,9.9234,10.9966
place_0010,895.5793,1617.1276,89.0560,34.8684
place_0011,1072.2221,1844.0618,49.0494,33.6287
place_0012,1404.5888,1993.1216,33.0236,6.3571
place_0013,1083.1048,1290.9347,42.3857,8.5728
place_0014,720.1626,1251.5403,41.3323,106.6950
place_0015,1206.1842,1130.2389,15.1989,19.0751
place_0016,638.5301,1533.9871,29.3085,147.3713
place_0017,1477.0662,1731.9261,26.0150,9.2362
place_0018,1308.5992,1879.2501,11.2647,2.7323
place_0019,1476.7571,1066.5581,20.1868,10.5958
place_0020,746.5728,1288.5360,7.1121,20.0874
place_0021,826.0068,1505.5556,23.7803,5.4787
place_0022,655.8667,1790.0154,6.3887,4.6340
place_0023,1153.4736,1352.2309,2.2486,9.2049
place_0024,625.5567,1002.8742,11.2124,49.0105
place_0025,1281.2394,1660.3251,24.1815,168.9911
place_0026,1049.5951,1097.2330,7.2266,38.6493
place_0027,938.6361,1477.3526,11.6013,18.9171
place_0028,553.6882,1543.0530,36.2454,43.0106
place_0029,1056.0065,1299.2957,29.3657,11.9788
place_0030,1484.9762,1583.4528,4.3272,17.2535
place_0031,1175.5238,1453.8190,15.5006,16.9529
place_0032,1106.0020,1229.1658,6.1147,48.1305
place_0033,689.4010,1738.3014,9.4363,21.0220
place_0034,596.1159,1967.6050,14.9378,7.8743
place_0035,1026.2309,1848.8449,9.1240,19.2319
place_0036,759.3371,1391.1363,28.4566,36.8503
place_0037,1090.9247,1277.1311,78.5676,64.6429
place_0038,1151.1912,1528.9489,13.8125,23.0992
place_0039,759.9036,1007.6070,10.5770,74.6081
place_0040,836.4753,1099.1825,7.9918,4.9576
place_0041,861.5613,1902.2932,49.4710,39.3338
place_0042,782.8093,1291.9825,21.4794,37.5953
place_0043,1184.3044,1634.7515,10.6029,22.9974
place_0044,759.5106,1475.2569,30.8313,12.2843
place_0045,729.9534,1893.3492,10.3729,12.4675
place_0046,1492.8471,1951.5200,24.7549,85.1564
place_0047,1307.3710,1565.2102,7.4840,12.2239
place_0048,1459.5401,1782.7154,40.5057,40.4026
place_0049,737.5525,1950.5455,31.2343,10.6491
place_0050,1221.5268,1082.8455,8.6259,25.9050
place_0051,1110.8155,1602.3130,9.2423,7.3170
place_0052,615.0415,1121.0634,15.8178,3.9873
place_0053,792.5317,1853.6432,92.2462,20.9852
place_0054,934.1143,1130.4227,52.3918,8.9150
place_0055,1287.3833,1275.1765,20.0693,86.2221
place_0056,931.5426,1658.5283,63.1193,38.4756
place_0057,881.3829,1641.4959,4.1417,125.8698
place_0058,738.4747,1019.5919,21.3813,14.0543
place_0059,565.2861,1505.4617,3.7315,5.8100
place_0060,594.6620,1835.7817,13.1462,11.9239
place_0061,658.9993,1954.3540,8.0401,4.3275
place_0062,869.6640,1659.5524,110.5226,6.7481
place_0063,1123.2327,1913.7788,31.8968,73.3237
place_0064,1198.8403,1609.5309,61.0720,6.0408
place_0065,1078.5348,1023.1927,12.9525,179.0156
place_0066,1061.8335,1139.3012,29.6199,22.0345
place_0067,798.6734,1978.6076,83.5730,16.3982
place_0068,1327.5367,1335.8607,3.3781,29.2916
place_0069,1117.1994,1108.9825,3.7022,56.0308
place_0070,1255.9768,1437.4747,10.2131,18.4994
place_0071,1484.5345,1702.2249,24.9221,27.6304
place_0072,612.2232,1742.4082,6.0955,71.1258
place_0073,770.6858,1428.3268,37.6530,19.8344
place_0074,1491.5904,1231.2847,29.0030,19.2642
place_0075,721.0345,1968.1659,5.0333,9.9712
place_0076,802.0436,1722.2967,10.5217,191.0126
place_0077,546.3619,1757.1523,43.1296,24.0956
place_0078,1294.2431,1349.9449,39.0822,41.9812
place_0079,800.2923,1422.2705,95.0031,16.5378
place_0080,904.0972,1116.9822,22.9503,62.5010
place_0081,504.9777,1744.6542,28.4787,35.4435
place_0082,1130.3850,1566.3306,19.8071,28.8064
place_0083,1341.4839,1957.6999,8.6108,13.4609
place_0084,514.7351,1134.6255,12.8586,52.1639
place_0085,774.6569,1095.5066,3.9019,24.6532
place_0086,1219.4339,1499.6181,12.8487,187.9233
place_0087,1403.0504,1904.7645,54.9688,6.2644
place_0088,1353.2475,1386.9786,70.2529,21.4800
place_0089,963.7059,1867.1209,34.9787,44.7920
place_0090,819.3089,1047.3029,5.9543,127.2558
place_0091,836.8690,1912.9640,20.5539,140.6069
place_0092,1159.7232,1824.9533,9.3265,4.3932
place_0093,671.0306,1750.5901,524.3913,10.2184
place_0094,545.9123,1922.0711,20.7186,100.1381
place_0095,1378.9000,1685.5910,23.7091,53.7138
place_0096,908.2225,1950.8191,97.9559,14.4643
place_0097,1005.1449,1238.7487,26.2494,111.5674
place_0098,1422.8680,1731.4271,29.6921,7.6133
place_0099,1173.4028,1732.9651,16.5089,3.1194
place_0100,1483.9666,1115.6411,32.6463,129.6488
place_0101,1323.2133,1197.9067,23.9323,16.1976
place_0102,558.9149,1110.9473,23.7844,56.9316
place_0103,839.7033,1522.7090,18.5116,14.7417
place_0104,1049.3981,1520.2009,1.3535,7.4579
place_0105,959.0900,1763.4995,47.3485,81.5147
place_0106,797.8749,1430.6563,34.2185,20.0651
place_0107,938.9224,1667.7806,12.4005,60.2370
place_0108,1119.9087,1051.1353,165.0823,8.2785
place_0109,1357.7002,1651.5508,27.0338,44.5989
place_0110,1335.0601,1675.2477,15.0410,59.0418
place_0111,827.1841,1809.1626,101.9278,87.3469
place_0112,620.9033,1458.5926,8.9599,4.0189
place_0113,901.0040,1252.6025,23.8674,45.4983
place_0114,630.2152,1987.0446,59.2925,41.1978
place_0115,839.2073,1861.3781,97.8305,27.0457
place_0116,1268.8671,1654.3070,4.2885,14.5317
place_0117,1155.9877,1318.4928,3.0184,37.0254
place_0118,821.7836,1542.9823,26.4531,23.6302
place_0119,548.0307,1410.2722,14.2378,16.7071
place_0120,1201.5381,1194.7074,10.5427,48.7884
place_0121,590.0465,1669.4436,5.0115,12.8334
place_0122,1011.2942,1206.1514,33.5616,6.7988
place_0123,1444.6763,1681.9334,38.5577,16.7681
place_0124,833.0131,1764.2548,97.6651,6.2871
place_0125,892.1999,1197.4375,31.9642,95.9477
place_0126,712.7727,1072.2226,29.6438,52.1709
place_0127,1375.6757,1099.8890,238.4713,6.3480
place_0128,1321.6297,1655.6447,0.7236,16.4470
place_0129,774.2223,1760.3898,9.1843,13.3863
place_0130,952.7578,1495.6888,8.7226,10.9527
place_0131,1090.2731,1859.4328,19.3583,3.6169
place_0132,651.6994,1793.0036,99.1903,38.5214
place_0133,503.1652,1916.5736,76.9290,134.7696
place_0134,755.9205,1362.8348,62.2298,22.3987
place_0135,512.0493,1524.9414,40.8628,43.9670
place_0136,765.1316,1061.9316,393.5662,21.7835
place_0137,1033.5567,1634.3749,45.9964,5.4734
place_0138,841.8952,1306.1970,9.1261,91.3382
place_0139,1039.7465,1827.1485,6.3122,41.1023
place_0140,781.7527,1691.7024,14.9657,11.6620
place_0141,1460.8562,1276.7383,26.2361,10.7089
place_0142,1497.9795,1986.4523,8.7736,36.7321
place_0143,1395.2185,1331.2769,9.4317,35.3066
place_0144,602.5707,1999.3666,14.7301,7.4746
place_0145,1286.1394,1470.8113,49.4613,19.7986
place_0146,693.3307,1412.9690,54.6871,27.3404
place_0147,630.5812,1968.8180,32.2093,39.9100
place_0148,928.6070,1604.0347,120.0488,3.9581
place_0149,681.9482,1970.3701,11.5063,7.9407
place_0150,1014.4697,1653.6970,4.7172,49.5927
place_0151,1484.6374,1360.5086,27.8587,4.4707
place_0152,1404.2712,1390.0776,44.2601,53.8265
place_0153,997.3526,1685.9540,18.1466,33.7513
place_0154,588.0041,1906.2334,22.5595,20.1906
place_0155,566.3481,1205.5434,16.6753,37.4927
place_0156,1254.1353,1933.4367,12.2626,85.2820
place_0157,1312.2326,1651.1905,49.5298,75.9384
place_0158,745.6501,1747.3910,440.0829,40.3624
place_0159,1235.1439,1647.5078,15.8463,225.7280
place_0160,723.4890,1155.1896,38.2517,132.4143
place_0161,1358.1811,1292.2251,44.0927,65.0939
place_0162,579.5606,1775.5005,27.9773,10.7959
place_0163,1271.4484,1307.2628,25.6739,75.5892
place_0164,791.8209,1909.3631,16.4072,66.8006
place_0165,946.1868,1313.1195,33.9484,15.0618
place_0166,1487.7232,1832.0233,16.6269,26.3321
place_0167,1023.1292,1795.1429,10.2894,7.2298
place_0168,1140.7395,1127.8414,1.1019,57.6830
place_0169,1110.4511,1320.2767,17.7690,26.2509
place_0170,655.2209,1699.3479,17.2009,255.2082
place_0171,708.1023,1080.1342,186.8314,52.1311
place_0172,1215.1040,1261.4723,56.3836,60.4873
place_0173,1009.7608,1578.8481,87.2261,53.8564
place_0174,1354.0645,1632.3595,5.5649,8.2781
place_0175,500.9651,1528.4673,14.3092,19.4595
place_0176,1161.5303,1949.0931,5.6092,30.6913
place_0177,1366.3063,1083.0241,15.5654,25.7078
place_0178,1165.4856,1819.9914,79.7371,89.4968
place_0179,703.8278,1838.3583,3.5759,18.0330
place_0180,1257.2722,1120.1781,58.0762,26.0458
place_0181,1047.8294,1075.7809,42.9899,16.6033
place_0182,566.7694,1202.7789,15.1063,4.7893
place_0183,1341.7431,1316.9340,138.7691,70.9860
place_0184,978.6908,1649.4884,7.5693,19.0278
place_0185,761.8463,1255.7369,7.5425,10.2968
place_0186,546.5028,1817.8581,61.9446,6.9947
place_0187,1017.0668,1724.1199,238.8161,16.5813
place_0188,1281.6199,1950.6737,13.8021,22.7887
place_0189,678.7818,1733.9328,15.0710,2.9058
place_0190,749.9235,1285.5568,54.6745,35.6720
place_0191,1400.9926,1891.7281,15.6630,14.2445
place_0192,1288.5608,1253.9708,35.5856,5.9000
place_0193,932.4289,1057.8653,6.2786,12.5891
place_0194,1360.3039,1633.1890,33.6227,55.7656
place_0195,981.0084,1310.9027,63.7245,24.0669
place_0196,1260.5045,1908.7677,29.6645,12.6311
place_0197,1274.1454,1919.0101,4.6595,20.4337
place_0198,1078.3708,1085.3354,19.3363,3.0092
place_0199,1208.5718,1114.3959,55.6442,7.1943
place_0200,1187.2003,1454.4843,5.6099,31.8832
place_0201,1331.4796,1792.6986,10.4241,33.2117
place_0202,794.0842,1510.5998,9.2474,1.5671
place_0203,1158.5690,1582.0730,3.1787,7.6231
place_0204,1337.2506,1246.4680,84.8220,21.3845
place_0205,1052.5581,1759.5656,27.0602,118.8981
place_0206,1197.5090,1936.2560,117.7821,7.9202
place_0207,683.3248,1195.5656,21.7511,3.9314
place_0208,993.7184,1028.7169,7.7680,28.6046
place_0209,658.9003,1815.1277,44.1258,26.5962
place_0210,1139.3240,1016.3651,25.8471,58.8322
place_0211,823.0196,1980.5738,24.8017,9.4441
place_0212,925.1029,1900.2581,6.1075,77.9789
place_0213,1327.1609,1324.3944,4.2361,18.9314
place_0214,739.7035,1816.7292,79.9209,6.8279
place_0215,770.5430,1044.4539,25.4592,21.0435
place_0216,507.4945,1939.7937,57.9264,2.4368
place_0217,998.3027,1140.6818,35.5051,44.2419
place_0218,1211.5530,1219.5759,19.1232,15.5177
place_0219,1359.2476,1869.5550,11.7239,25.9312
place_0220,720.5582,1698.9698,2.6093,17.7805
place_0221,570.1659,1794.8525,82.1855,37.6774
place_0222,588.7930,1760.2178,5.1003,47.1962
place_0223,618.4429,1017.3000,23.1876,7.6943
place_0224,1010.7526,1458.8145,12.4332,33.8123
place_0225,791.3082,1290.2320,62.7657,3.9596
place_0226,1466.6255,1201.7057,37.3500,92.8377
place_0227,819.8566,1536.3023,4.1855,162.1949
place_0228,1143.3742,1698.9595,6.0355,21.2236
place_0229,1297.0639,1150.5573,41.5256,24.2701
place_0230,856.6075,1196.9174,6.2199,18.1140
place_0231,584.9402,1285.3055,34.9550,70.2505
place_0232,714.6076,1644.3120,14.2998,3.4075
place_0233,867.4523,1945.2309,48.3569,25.7887
place_0234,958.0705,1125.7070,46.6502,16.7516
place_0235,1168.2457,1424.4334,30.8812,13.5684
place_0236,1349.1923,1980.5315,55.3236,16.8570
place_0237,531.9831,1631.1442,11.6810,78.9040
place_0238,1076.3747,1425.2585,20.5021,5.2616
place_0239,552.4816,1468.4709,67.7573,2.9105
place_0240,755.9047,1163.4975,12.4954,7.6637
place_0241,884.0803,1236.4448,11.4133,19.1337
place_0242,1474.4976,1395.4906,40.9771,45.8922
place_0243,1173.3125,1982.8704,100.5434,55.0754
place_0244,1110.4760,1124.7654,5.5977,29.5727
place_0245,1360.6025,1515.5350,61.9660,37.7620
place_0246,1414.8190,1826.7918,288.9252,17.1411
place_0247,672.2441,1869.5965,21.2731,5.3865
place_0248,734.7235,1936.7915,25.3756,4.8618
place_0249,962.8606,1333.9376,74.6463,41.0045
place_0250,771.1201,1463.1067,4.0058,10.7188
place_0251,626.2292,1292.8039,12.7219,10.1549
place_0252,1446.8598,1956.0627,19.0553,48.1511
place_0253,944.8236,1472.1259,37.2159,6.1909
place_0254,654.1442,1787.1350,19.1453,38.6293
place_0255,793.0709,1772.7103,18.9161,14.0315
place_0256,1460.3624,1588.0151,89.2449,23.6308
place_0257,1037.2257,1022.1953,67.4778,4.7627
place_0258,1018.1274,1052.9219,4.3690,5.4414
place_0259,1397.9675,1355.5077,199.6206,13.8275
place_0260,1067.8511,1325.7469,70.6956,3.4147
place_0261,914.7382,1602.5804,11.2887,39.7438
place_0262,712.7488,1369.4230,14.8894,27.2658
place_0263,892.1793,1979.8233,24.5547,15.3589
place_0264,1048.8562,1622.6493,38.7609,15.6717
place_0265,724.0553,1446.4769,30.8457,9.0676
place_0266,1280.7496,1692.1648,35.2026,12.6664
place_0267,1092.6835,1086.9678,44.2525,65.7790
place_0268,1098.1137,1036.7094,21.9558,18.6415
place_0269,954.0387,1899.2912,99.7845,11.3829
place_0270,694.1836,1354.9243,39.9587,20.5899
place_0271,1415.0185,1018.7773,11.1274,43.7446
place_0272,1482.7148,1320.5304,29.1750,11.7408
place_0273,897.2551,1394.7038,25.5633,26.4005
place_0274,1410.5552,1105.2141,29.2974,52.9268
place_0275,765.6525,1004.3932,9.9141,87.4524
place_0276,1228.1146,1011.2673,31.1886,37.4781
place_0277,1201.8078,1533.1986,14.3472,37.6405
place_0278,1177.7391,1470.4596,15.7817,37.5306
place_0279,1051.5303,1861.7335,30.2113,8.2645
place_0280,1475.5217,1850.2579,9.7555,20.2427
place_0281,954.3461,1420.2180,3.3794,14.4384
place_0282,1217.4985,1629.9513,52.2003,17.8151
place_0283,1065.2153,1599.5348,8.6572,34.6121
place_0284,1436.5915,1302.3383,52.2017,21.4932
place_0285,1120.1275,1890.5052,10.3306,10.0798
place_0286,687.5541,1746.4059,84.2321,3.0107
place_0287,551.8828,1978.0636,187.3031,44.3228
place_0288,507.7662,1735.6848,34.7829,2.1215
place_0289,996.7482,1925.8635,12.3845,29.5930
place_0290,544.8839,1444.6158,3.1137,10.0344
place_0291,1009.4949,1832.2765,12.7325,23.3413
place_0292,1410.6742,1942.9405,3.7934,17.2844
place_0293,1067.2338,1626.3743,4.7736,23.2256
place_0294,504.6788,1031.5506,7.2605,50.0544
place_0295,1317.4771,1235.0781,41.7293,18.0355
place_0296,869.9291,1423.4600,14.5490,93.5980
place_0297,777.2102,1116.5884,39.9772,62.5185
place_0298,796.9184,1989.8034,4.4001,8.2989
place_0299,1286.8440,1407.0837,3.6494,40.5159
place_0300,868.7028,1850.2525,6.4040,21.5445
place_0301,996.9957,1481.0045,7.5275,12.4431
place_0302,832.6296,1699.1499,56.3695,6.8099
place_0303,774.0855,1840.1073,31.2124,13.4277
place_0304,820.5009,1205.3681,35.6112,69.3973
place_0305,1280.4224,1204.3051,41.7961,9.2455
place_0306,896.7710,1505.9826,33.9727,5.4655
place_0307,653.2981,1113.5324,11.6846,5.9014
place_0308,540.2155,1120.4407,5.0276,48.2851
place_0309,824.5970,1601.7401,3.6757,6.4846
place_0310,1280.4814,1442.5691,85.3992,16.0143
place_0311,1343.5802,1261.2279,123.0254,120.7829
place_0312,1208.9831,1624.7658,19.9323,12.8548
place_0313,843.7317,1258.6588,95.3122,25.4504
place_0314,1091.9070,1531.9177,10.9623,6.5669
place_0315,1010.1263,1128.1998,2.0944,23.6175
place_0316,1339.7537,1023.0109,117.1803,18.8190
place_0317,777.2558,1798.3754,87.2427,18.5824
place_0318,1215.3410,1671.1900,40.5202,17.0163
place_0319,747.1239,1920.6033,39.9307,5.1567
place_0320,552.7791,1956.5356,24.5036,14.7392
place_0321,545.3618,1275.7738,55.2158,73.0664
place_0322,1220.5621,1678.5086,3.1070,12.2015
place_0323,1231.5101,1127.3602,6.5296,5.6113
place_0324,1240.1542,1048.1753,25.5617,2.5520
place_0325,1119.4526,1376.6669,24.1571,3.3194
place_0326,1117.5136,1620.3512,17.9618,68.8635
place_0327,1034.3364,1085.0559,9.9919,24.6107
place_0328,1400.1430,1987.2834,5.2793,6.5016
place_0329,1212.3258,1375.4380,82.9668,14.9213
place_0330,1338.7853,1996.3663,20.5072,38.3463
place_0331,1479.9074,1395.0135,24.7962,16.0172
place_0332,1095.1417,1848.4055,6.8435,25.7831
place_0333,1231.2820,1178.5511,36.1918,10.6603
place_0334,1056.4960,1844.2966,74.5405,12.1259
place_0335,796.3824,1085.7409,36.3080,24.5028
place_0336,1412.9655,1497.5373,4.6108,70.0373
place_0337,524.0929,1731.4005,18.9253,16.5112
place_0338,1272.4565,1819.4768,47.9372,62.2490
place_0339,993.8900,1984.6287,15.8489,20.1544
place_0340,1040.0320,1005.1466,25.3297,5.1349
place_0341,1260.2304,1058.3721,7.7179,7.2565
place_0342,1324.2964,1214.2588,15.4203,5.8994
place_0343,1362.9735,1343.5045,8.7116,29.7031
place_0344,948.1255,1120.6365,5.8063,8.1504
place_0345,1121.4488,1734.6881,41.3103,36.3158
place_0346,1375.4293,1356.8080,27.3410,18.3587
place_0347,1456.4144,1643.4471,63.1102,33.2953
place_0348,1159.9672,1752.0650,1.1702,9.1806
place_0349,1431.4419,1547.3756,45.4700,47.2974
place_0350,533.2551,1319.1481,38.6077,28.1552
place_0351,1086.2045,1146.6885,22.4881,3.4855
place_0352,1039.2421,1764.8666,11.5957,10.8875
place_0353,619.7275,1686.6456,29.6374,160.0212
place_0354,975.3879,1610.7311,11.1377,26.5579
place_0355,1282.2830,1850.7800,25.4005,17.6729
place_0356,521.5231,1363.6533,10.9454,2.6409
place_0357,661.6077,1220.9683,4.9908,91.9268
place_0358,1472.9494,1529.1337,4.2045,16.5206
place_0359,1474.7867,1358.0429,51.6631,26.4627
place_0360,1215.0274,1301.5751,16.2925,12.1813
place_0361,1227.7287,1842.5447,64.1515,20.8001
place_0362,716.2297,1498.6679,4.8502,2.4269
place_0363,1307.6356,1534.6435,1.5411,31.3191
place_0364,1462.3824,1614.3500,29.1969,35.5689
place_0365,1061.1351,1541.8610,26.3457,92.3831
place_0366,987.9706,1189.8933,115.8927,7.9777
place_0367,1208.6220,1234.3315,28.4682,4.6272
place_0368,574.2956,1373.4873,2.8759,9.7619
place_0369,974.8865,1409.4803,84.7841,31.7642
place_0370,1000.3114,1997.7785,18.7404,40.4992
place_0371,732.8082,1886.2842,8.0734,34.3897
place_0372,539.4583,1848.8655,31.9980,28.7904
place_0373,628.1257,1956.4625,2.9877,52.7948
place_0374,1421.2264,1377.2539,7.0942,43.9629
place_0375,708.5030,1167.1642,29.5813,3.7373
place_0376,1181.3028,1331.9712,35.2775,9.5368
place_0377,1085.2956,1819.9395,44.7815,30.3985
place_0378,922.2007,1714.1189,10.3491,7.0473
place_0379,1487.0193,1261.1155,7.6128,7.4844
place_0380,1151.8278,1067.0690,3.0163,8.8322
place_0381,1249.1722,1468.5288,21.1717,68.6784
place_0382,507.0740,1364.8360,19.4116,11.2013
place_0383,942.2730,1753.8271,14.0958,16.7484
place_0384,1100.6306,1021.0169,23.0904,19.5888
place_0385,678.8363,1261.6056,12.9400,23.4541
place_0386,936.9696,1497.6423,7.7161,10.3172
place_0387,1102.6570,1153.0838,17.2096,24.9694
place_0388,834.6584,1431.9849,8.8101,17.7113
place_0389,600.9906,1317.9495,29.6580,35.5351
place_0390,1077.7676,1281.9580,51.3323,11.3055
place_0391,1410.0913,1734.1977,41.4391,45.2050
place_0392,749.2949,1646.2980,2.9400,11.0510
place_0393,980.4141,1942.2814,25.3917,9.0864
place_0394,1273.3163,1365.4489,16.7895,6.0234
place_0395,915.7486,1885.5776,29.3254,86.3393
place_0396,728.8586,1269.1907,18.3747,52.8319
place_0397,1351.5331,1398.6094,78.8721,34.1857
place_0398,1044.5254,1676.2833,27.4387,100.8951
place_0399,1398.8152,1705.4194,2.3736,8.2483
place_0400,1012.4486,1158.8667,73.9913,11.6196
place_0401,1413.2746,1379.3843,169.4498,13.3361
place_0402,1469.1857,1343.2936,8.2815,6.3184
place_0403,595.8163,1679.8838,27.5977,11.3164
place_0404,730.5808,1592.2085,8.4000,2.1306
place_0405,1351.1263,1599.8534,23.0932,19.2395
place_0406,1275.9182,1884.5591,13.8170,5.9156
place_0407,1237.9402,1453.4833,20.9789,7.2682
place_0408,643.9801,1648.8661,30.2199,16.1054
place_0409,1358.4584,1963.3410,41.0530,3.6914
place_0410,1023.0715,1235.7228,27.6982,17.6644
place_0411,622.8825,1339.0942,110.9265,79.0913
place_0412,502.4985,1315.3781,5.7262,20.7305
place_0413,1016.8021,1691.6380,53.3032,12.1296
place_0414,741.2546,1188.5907,8.7130,11.5941
place_0415,725.8719,1381.7515,14.6129,17.9701
place_0416,1160.0106,1880.5387,92.9283,7.7291
place_0417,901.2741,1706.8488,8.6912,10.8197
place_0418,1378.3622,1309.6995,6.2723,121.7824
place_0419,1326.3823,1368.1074,30.3653,9.4102
place_0420,967.1402,1617.1384,43.0825,24.4499
place_0421,862.1894,1109.0055,10.0606,15.5707
place_0422,1361.9627,1049.2739,17.8388,10.9318
place_0423,571.5731,1731.2417,3.8351,12.6229
place_0424,1405.2742,1672.8420,100.5162,64.3018
place_0425,1325.2047,1795.4660,29.2251,22.1530
place_0426,969.6523,1929.3885,11.0555,1.5095
place_0427,614.8524,1033.7400,4.2217,10.9616
place_0428,1151.6850,1875.4435,9.5685,11.5466
place_0429,1365.4115,1375.5047,16.2683,7.2875
place_0430,1275.4600,1961.8161,50.2901,26.7462
place_0431,1486.7740,1261.8254,247.4985,31.1128
place_0432,687.2538,1920.3915,30.7898,10.2752
place_0433,1146.4881,1206.0148,21.6478,98.3264
place_0434,1058.4725,1526.4185,9.0523,6.0747
place_0435,1291.5233,1029.7079,2.8981,3.4764
place_0436,1095.4012,1940.9124,18.4810,23.1257
place_0437,1296.2872,1036.9278,13.5015,19.0695
place_0438,754.0372,1479.1093,17.9661,4.6020
place_0439,1286.3010,1951.4993,28.1478,8.7197
place_0440,1287.4826,1112.5281,40.9633,60.8333
place_0441,602.9870,1073.1722,19.0328,411.2533
place_0442,1175.5587,1097.2754,25.5644,71.8379
place_0443,589.1708,1662.9444,6.5273,9.6943
place_0444,1013.4808,1560.8479,16.6156,40.0195
place_0445,945.8641,1186.2213,21.4565,9.0958
place_0446,644.8240,1184.6751,168.3069,35.4856
place_0447,1452.7761,1177.4775,9.6263,3.4988
place_0448,1072.5235,1028.3981,64.5033,11.1869
place_0449,1461.7550,1618.4865,88.7005,24.9052
place_0450,1340.3171,1776.1586,71.9068,12.6387
place_0451,762.3895,1228.8356,4.7233,8.4263
place_0452,1445.7412,1712.4404,113.9304,6.1349
place_0453,1166.4180,1624.5982,26.7114,47.0830
place_0454,1128.0396,1927.7200,88.9986,28.1356
place_0455,1345.5932,1096.1104,52.6626,16.2188
place_0456,1342.1174,1272.6295,11.2777,32.4859
place_0457,1160.2701,1393.6621,50.1241,13.9196
place_0458,778.9454,1776.8691,11.7305,9.4241
place_0459,1337.6678,1798.8717,327.3312,10.6859
place_0460,1211.7227,1112.6416,5.5320,11.8651
place_0461,520.2868,1388.6971,15.6780,5.5344
place_0462,859.9345,1705.6041,11.2298,6.7455
place_0463,1124.7191,1684.0166,19.0238,18.2517
place_0464,855.9314,1857.6984,64.0520,6.6497
place_0465,790.1070,1207.2788,136.0072,11.3765
place_0466,1079.1287,1617.2159,25.8846,12.5128
place_0467,1237.0548,1217.9660,78.5724,9.1081
place_0468,812.2543,1986.9557,31.1289,1.1263
place_0469,666.3063,1558.2434,10.4790,14.7908
place_0470,827.3947,1611.7214,50.6907,70.2446
place_0471,1118.0868,1019.2796,11.8808,33.4305
place_0472,1299.1086,1254.2264,13.7367,20.8763
place_0473,1360.1203,1366.8400,18.0204,37.9647
place_0474,1343.7736,1132.2446,14.5797,8.5363
place_0475,777.6169,1342.1733,45.9745,6.7580
place_0476,519.3939,1522.2788,65.1719,20.3556
place_0477,1197.5290,1967.9370,18.0046,3.7284
place_0478,1180.2840,1838.2207,59.4785,25.5436
place_0479,1352.6412,1556.0021,104.7220,29.6644
place_0480,950.6467,1937.2521,4.3498,22.4689
place_0481,1159.6029,1761.1991,25.4151,13.9640
place_0482,657.6816,1474.4282,32.6125,23.5488
place_0483,1473.7440,1823.9628,0.3611,45.6914
place_0484,905.6095,1990.3381,22.1294,30.9251
place_0485,1081.0392,1699.0071,12.2125,10.6628
place_0486,770.9789,1198.2562,15.3720,3.3413
place_0487,1056.1870,1465.6731,47.9221,33.5715
place_0488,1314.5212,1468.9471,6.9301,16.9542
place_0489,742.8386,1958.7884,8.1795,27.2179
place_0490,593.6298,1916.6719,14.9098,14.5302
place_0491,1232.1778,1400.9904,21.2028,70.0679
place_0492,1396.2699,1724.4514,7.7192,18.5306
place_0493,1421.2751,1058.1649,18.0904,5.5691
place_0494,722.7325,1756.1769,11.5423,28.1195
place_0495,1169.4783,1259.1977,9.3454,16.7562
place_0496,1346.4809,1854.8721,6.7900,9.4119
place_0497,503.5619,1051.9069,22.3857,47.1128
place_0498,818.0026,1554.8487,47.1778,3.9346
place_0499,1273.3841,1503.4210,31.2307,56.0243
place_0500,1302.2154,1225.3539,5.8504,19.2477
place_0501,797.7019,1483.1640,7.9870,114.7529
place_0502,624.0836,1932.5843,25.2854,17.6387
place_0503,1479.3841,1360.6093,104.0785,2.6379
place_0504,1487.3600,1134.7442,34.0038,32.7621
place_0505,1025.1288,1369.7724,10.4258,19.6064
place_0506,1419.0739,1063.7303,23.6090,12.5718
place_0507,685.0995,1703.0983,6.1540,80.2348
place_0508,1344.4071,1810.0965,7.4926,27.2679
place_0509,836.7506,1060.0891,34.9463,49.1572
place_0510,639.9538,1250.6335,14.5651,23.9960
place_0511,1132.8475,1350.1264,43.6615,8.1453
place_0512,899.1991,1210.3065,30.3640,16.4268
place_0513,702.4593,1860.9767,17.6534,36.5999
place_0514,1461.3382,1345.3369,28.0832,5.6913
place_0515,1208.9912,1049.9561,26.5777,47.1768
place_0516,633.8638,1815.8127,116.1276,34.6858
place_0517,788.3402,1392.3691,17.8029,8.9498
place_0518,1491.5188,1249.2564,6.8597,8.9776
place_0519,1131.2606,1989.5115,20.5019,94.9694
place_0520,1475.7819,1415.2223,29.7706,29.8256
place_0521,1417.7184,1610.7899,85.2831,17.5095
place_0522,1134.3713,1541.5143,33.6884,41.7310
place_0523,1460.1408,1717.0102,20.0501,25.2342
place_0524,1464.4640,1183.5617,3.4213,86.7636
place_0525,1196.4230,1068.9077,18.3312,67.5152
place_0526,785.7638,1469.5141,23.2367,5.6806
place_0527,897.4398,1931.7125,7.3085,53.9569
place_0528,805.8981,1924.6684,35.5649,14.1799
place_0529,1083.5334,1150.1372,32.6953,28.6630
place_0530,601.7754,1352.9086,7.0186,40.3573
place_0531,1442.0599,1184.9774,138.5985,23.5093
place_0532,829.9593,1429.7905,21.9119,3.6436
place_0533,1075.2533,1353.7745,26.1202,17.5199
place_0534,597.2578,1652.0485,9.6923,40.2571
place_0535,1168.2256,1201.7016,13.1472,73.7349
place_0536,600.5556,1284.7098,40.8513,115.9677
place_0537,775.2037,1651.3416,4.7902,28.1535
place_0538,775.4733,1588.3821,57.1496,43.3719
place_0539,1402.3480,1991.2627,16.0675,19.8737
place_0540,1001.7299,1426.8735,17.1375,21.3742
place_0541,709.3507,1954.0651,17.5670,28.3089
place_0542,895.0327,1694.3268,14.7654,69.1672
place_0543,982.6560,1625.9843,3.7684,15.9986
place_0544,1372.7900,1254.6979,3.7952,14.5765
place_0545,925.7786,1415.1692,8.3428,8.1503
place_0546,678.6649,1844.9877,62.0518,30.0683
place_0547,793.9266,1667.6140,5.1424,16.1833
place_0548,637.0490,1297.6331,6.8613,2.3490
place_0549,775.9187,1200.7942,4.3195,11.1458
place_0550,912.8476,1390.9009,55.4158,17.5740
place_0551,655.3990,1537.5055,6.0968,12.1118
place_0552,802.7294,1227.4545,20.2737,4.3375
place_0553,971.7490,1407.3677,10.6822,20.9354
place_0554,1191.9126,1885.9541,27.4001,86.1501
place_0555,1132.8957,1757.8147,51.2672,6.4809
place_0556,1046.1397,1119.3936,31.6140,4.1327
place_0557,1291.8791,1146.2756,9.2306,24.7722
place_0558,1146.6609,1975.2154,34.5813,2.9809
place_0559,715.9754,1320.0996,40.0453,19.0949
place_0560,802.8777,1388.0364,30.2254,23.0250
place_0561,1380.6661,1016.3985,20.4445,39.1300
place_0562,1038.8441,1661.0245,4.2075,14.6937
place_0563,1033.1670,1531.7035,9.2330,6.9185
place_0564,971.2682,1959.8811,10.4061,17.6308
place_0565,1308.6082,1484.4551,83.5894,4.9418
place_0566,1423.9532,1145.9808,13.5922,36.2319
place_0567,508.7089,1568.9437,49.8335,145.3560
place_0568,781.7254,1476.2982,33.1238,36.5729
place_0569,1072.2377,1453.6141,11.5461,74.6743
place_0570,1213.4599,1690.3556,95.3650,3.5013
place_0571,752.0732,1353.4580,30.6728,8.9578
place_0572,1412.3647,1652.7065,32.9605,77.3815
place_0573,1303.4092,1267.6545,37.9449,73.8301
place_0574,1464.0823,1164.6120,9.2395,15.2005
place_0575,1367.6931,1943.1438,11.5704,179.5516
place_0576,588.0555,1795.8944,30.0942,29.5505
place_0577,1488.9049,1551.2810,35.4450,24.0698
place_0578,1301.4437,1241.9372,14.8232,29.7746
place_0579,1396.3934,1761.5249,10.7312,9.8252
place_0580,1379.4769,1004.1458,34.6579,301.7944
place_0581,1033.8719,1299.9217,31.6213,30.8062
place_0582,1246.9951,1574.7327,51.1362,14.4059
place_0583,626.6690,1716.9264,21.2569,23.1305
place_0584,1252.4392,1193.2188,17.6719,59.0505
place_0585,948.0082,1806.7838,63.8135,31.6518
place_0586,1454.5772,1323.9038,36.2302,6.5970
place_0587,618.6721,1616.3183,44.3258,13.8917
place_0588,1181.0541,1195.9747,12.1063,23.0311
place_0589,1017.8713,1376.3920,34.6908,25.1487
place_0590,1194.2010,1265.0443,11.3501,76.4816
place_0591,588.9489,1209.2190,4.5415,16.7438
place_0592,821.5529,1094.8030,10.1919,14.5016
place_0593,1354.9196,1357.9222,7.0169,30.5004
place_0594,976.6428,1960.0212,16.0522,16.4983
place_0595,598.2246,1851.0567,17.1111,22.4933
place_0596,1096.0253,1506.7893,40.3294,16.2589
place_0597,645.0126,1124.2301,12.1992,23.3249
place_0598,756.9834,1477.2370,9.5317,3.3258
place_0599,1352.8064,1814.5955,77.0711,79.0364
place_0600,613.0323,1569.6118,19.6905,13.1069
place_0601,1358.2711,1467.2049,29.5355,331.6198
place_0602,569.0395,1819.5185,6.8059,8.8727
place_0603,615.1307,1821.2791,24.6292,13.7613
place_0604,1170.9372,1110.5305,37.5580,24.2929
place_0605,569.6716,1600.5305,9.4801,44.2356
place_0606,903.9211,1214.1274,83.7639,33.2367
place_0607,803.3346,1606.9256,23.6156,10.3899
place_0608,534.3053,1416.4667,26.0015,28.5257
place_0609,1476.2920,1174.7104,20.7969,5.5855
place_0610,772.9850,1689.9447,4.8061,11.0342
place_0611,709.3352,1005.5144,23.9533,85.5555
place_0612,1432.5129,1664.1219,11.5213,7.1550
place_0613,996.3924,1132.6534,84.1214,23.5223
place_0614,685.6679,1514.6950,101.2568,44.5495
place_0615,844.1755,1791.8082,9.7404,18.5463
place_0616,500.6973,1431.7761,7.1939,20.9518
place_0617,1037.0513,1231.0712,19.1903,6.6163
place_0618,1215.5464,1896.2921,13.1802,27.6707
place_0619,1309.2102,1361.0740,9.0204,38.8863
place_0620,1100.0843,1080.9696,2.8544,37.2274
place_0621,587.5593,1102.3877,211.3925,57.8920
place_0622,1354.1579,1744.6991,13.9952,90.8890
place_0623,1263.3504,1731.2093,5.4900,47.6319
place_0624,775.3604,1312.1414,15.6398,23.3061
place_0625,1112.2336,1539.0590,122.8600,27.5360
place_0626,704.9390,1102.6811,9.7603,40.9405
place_0627,1212.7180,1839.8015,27.6056,7.1883
place_0628,672.2381,1602.6047,9.5671,4.9245
place_0629,1216.6613,1853.9544,23.7603,7.2213
place_0630,1173.2761,1233.2846,5.8364,39.7815
place_0631,697.6949,1830.3296,24.7663,29.1048
place_0632,775.7948,1616.2589,13.8679,21.6752
place_0633,763.0391,1236.9782,32.3787,12.6116
place_0634,1427.2803,1366.4091,6.8109,16.6372
place_0635,1414.8645,1596.6429,25.8019,6.8742
place_0636,1052.8441,1590.2704,19.2980,36.9013
place_0637,1418.5092,1467.8488,13.2789,2.9893
place_0638,518.3447,1396.9570,85.8612,76.4239
place_0639,1201.9995,1709.8492,61.5279,185.7422
place_0640,1099.6167,1789.0980,30.4568,3.8686
place_0641,1361.4222,1291.6723,21.1890,122.7478
place_0642,1092.6733,1214.7604,6.7970,7.0092
place_0643,854.7212,1677.1878,11.7490,2.7797
place_0644,709.7534,1116.3133,27.5759,38.2108
place_0645,593.0073,1806.2137,32.8881,6.7773
place_0646,1159.3938,1140.7848,54.7052,8.4170
place_0647,1431.4388,1057.9067,63.2524,16.3930
place_0648,1432.0642,1276.5888,11.6975,65.6891
place_0649,1200.6646,1404.4838,1.9968,14.5237
place_0650,1229.7814,1877.4126,43.2740,7.6066
place_0651,1294.2007,1394.1771,90.2127,212.6532
place_0652,1370.0115,1301.0131,7.0830,53.5272
place_0653,680.7499,1799.9600,14.6660,133.5382
place_0654,1206.1322,1828.6340,15.7458,6.5295
place_0655,849.3045,1311.2963,4.8005,16.0176
place_0656,623.5325,1138.9443,34.5427,4.5819
place_0657,846.6376,1673.2285,6.3365,7.1861
place_0658,557.6075,1429.4815,104.6617,2.7490
place_0659,1434.7622,1395.8256,5.4348,20.0663
place_0660,818.0755,1769.4563,41.0537,13.7640
place_0661,859.3853,1590.0476,29.1709,11.5979
place_0662,1375.9578,1148.2471,34.4769,39.4123
place_0663,1258.7354,1739.9277,9.2554,19.8906
place_0664,1105.4530,1648.7661,11.0227,58.4591
place_0665,1455.7251,1916.2234,11.0715,31.6615
place_0666,902.4063,1876.4899,15.4222,15.5971
place_0667,518.2043,1582.1999,13.9579,38.2616
place_0668,1029.5817,1671.6497,40.3483,58.6252
place_0669,608.6163,1556.0849,67.6449,77.1756
place_0670,1139.9612,1177.1986,18.3547,11.0971
place_0671,954.1935,1673.6944,9.7902,12.4216
place_0672,1280.6934,1754.0380,4.8544,14.9191
place_0673,807.0649,1328.4696,59.9182,45.1310
place_0674,1322.3402,1952.0579,24.2932,43.8086
place_0675,1496.2837,1883.5140,38.0192,4.2303
place_0676,1187.0232,1079.1169,21.3943,49.1531
place_0677,601.0349,1155.3833,41.1559,11.7282
place_0678,987.2554,1367.0822,11.8460,25.3305
place_0679,1364.5385,1852.1369,40.9084,31.6784
place_0680,1121.3305,1510.8104,30.2952,18.8584
place_0681,850.7409,1507.4756,24.1911,8.4627
place_0682,814.9547,1255.9095,11.4411,11.9896
place_0683,1003.1959,1711.9531,4.5052,7.1590
place_0684,1320.9943,1742.7150,30.7582,16.6684
place_0685,908.0306,1377.7591,2.1996,1.2764
place_0686,1066.2835,1812.6352,21.8351,10.9722
place_0687,1041.9501,1897.4720,27.0609,18.0061
place_0688,575.6248,1654.9102,134.6367,48.8870
place_0689,865.8671,1466.2596,11.2320,17.2979
place_0690,575.1093,1720.2210,14.8469,4.8233
place_0691,584.6983,1218.4264,76.7526,41.4569
place_0692,555.7486,1088.1597,18.6745,19.5786
place_0693,1005.4966,1655.9541,35.2217,35.8481
place_0694,679.0884,1853.5455,41.6117,26.1585
place_0695,1324.6376,1029.8473,42.3729,6.4148
place_0696,794.3632,1923.1106,2.3778,25.0374
place_0697,1207.6372,1453.4376,20.8244,8.5825
place_0698,1271.2479,1767.9500,11.4857,41.4668
place_0699,1145.7224,1474.0440,0.9875,15.3227
place_0700,986.2009,1633.1199,86.6531,73.5459
place_0701,521.8097,1593.1490,139.2080,18.5928
place_0702,1042.0106,1395.7151,17.5847,48.0745
place_0703,1258.9136,1203.4125,39.2734,8.0148
place_0704,865.4208,1625.7370,18.8672,6.4072
place_0705,784.5547,1031.2786,94.2433,2.4696
place_0706,521.2837,1818.7336,52.2501,24.5652
place_0707,687.9330,1255.9870,3.3992,12.6919
place_0708,891.3491,1493.2533,25.0490,25.0487
place_0709,1174.3240,1234.5716,6.2446,161.7881
place_0710,508.4987,1246.3332,10.3921,2.8125
place_0711,1223.3695,1652.8796,39.5262,49.6533
place_0712,1154.3109,1968.6974,16.8066,5.1630
place_0713,1336.1962,1447.2997,18.6228,22.8259
place_0714,507.2093,1411.9547,99.6604,28.7223
place_0715,897.3232,1628.1750,16.9671,14.3531
place_0716,1118.0724,1092.6279,49.7201,8.4364
place_0717,897.2545,1591.4222,38.3105,43.5085
place_0718,681.2249,1456.8097,12.3821,12.6989
place_0719,1101.3973,1144.9845,15.7389,57.0156
place_0720,874.4744,1776.4205,30.1914,27.9075
place_0721,726.3891,1166.8512,7.8326,67.0389
place_0722,920.2812,1744.9698,42.6081,36.6685
place_0723,1161.2765,1375.1095,14.8771,54.0864
place_0724,839.5453,1112.2171,96.6244,8.8817
place_0725,1231.7796,1102.1786,17.0904,33.4649
place_0726,974.2880,1129.8994,17.4794,14.9903
place_0727,649.5934,1222.1510,12.7226,12.9393
place_0728,509.1520,1970.2144,12.4311,16.3837
place_0729,1305.3392,1372.7753,51.4343,42.0377
place_0730,527.8216,1198.6440,24.4608,22.1288
place_0731,1301.9690,1014.8982,75.6139,25.1305
place_0732,1335.9467,1326.8345,31.1650,9.9386
place_0733,1350.1970,1739.5608,6.2996,22.4611
place_0734,982.0163,1643.3144,4.0633,3.3903
place_0735,798.8486,1374.7793,17.2819,23.6165
place_0736,1089.8926,1904.7054,8.9456,12.9796
place_0737,1400.9641,1970.3298,12.8455,56.8355
place_0738,1319.0018,1279.2113,32.6142,18.2285
place_0739,726.5812,1971.0989,11.0330,37.3183
place_0740,1018.1674,1012.6264,24.8361,29.7613
place_0741,924.0718,1090.2538,14.4542,11.2140
place_0742,1422.1630,1872.5201,18.4318,78.6114
place_0743,986.9687,1570.9079,87.3934,13.0614
place_0744,1422.6505,1393.0812,6.1583,15.1206
place_0745,956.7465,1042.4046,14.1427,60.7455
place_0746,1213.0060,1113.2853,4.5932,9.2550
place_0747,1168.5796,1071.6075,2.6014,70.3029
place_0748,1348.4920,1050.8774,22.4398,24.9657
place_0749,1089.6901,1179.2769,16.2642,5.7942
place_0750,897.3758,1084.6798,33.7443,2.3624
place_0751,553.5884,1891.4610,6.5077,19.5695
place_0752,1076.6834,1757.0675,1.7086,14.6449
place_0753,1024.5524,1750.7925,52.4930,18.3217
place_0754,627.2370,1241.7777,14.9612,19.9142
place_0755,1364.6599,1480.2730,16.1540,28.1124
place_0756,556.9015,1337.1677,39.2673,4.5488
place_0757,609.1263,1314.0414,91.4892,29.9266
place_0758,1057.5939,1820.8638,192.8399,47.3840
place_0759,1356.1613,1616.2280,33.4089,15.8978
place_0760,702.7116,1005.2283,15.6292,3.8185
place_0761,739.4478,1458.1554,24.2624,21.2909
place_0762,707.7460,1522.0621,12.4801,20.1627
place_0763,951.8757,1947.0103,25.0882,52.5587
place_0764,863.0444,1534.6958,13.8339,33.5444
place_0765,999.1654,1972.2548,47.1318,15.0075
place_0766,1286.1566,1529.0767,41.0316,10.0918
place_0767,614.8822,1252.4804,7.3410,37.0254
place_0768,1438.9183,1063.5941,9.3290,103.6565
place_0769,1220.7432,1934.9322,103.2356,28.3623
place_0770,809.0011,1922.0097,19.2066,38.8410
place_0771,1263.7503,1277.1823,93.1690,116.8308
place_0772,1336.3799,1971.5767,53.6964,16.8900
place_0773,1391.6629,1258.6060,119.5235,84.9081
place_0774,624.6993,1721.2133,6.6435,25.6143
place_0775,704.2692,1431.8757,7.1796,1.7233
place_0776,1125.9734,1871.2486,25.6119,8.2250
place_0777,650.4767,1494.1162,5.3770,2.7913
place_0778,889.7350,1050.4244,30.8324,31.6719
place_0779,1333.5934,1496.2964,15.6591,14.4882
place_0780,571.6872,1587.6339,9.1997,4.7125
place_0781,1378.2514,1697.2565,11.0152,64.3333
place_0782,1151.2982,1107.1360,29.9765,10.8373
place_0783,805.9389,1652.1306,2.8902,93.9623
place_0784,583.0428,1550.4742,8.7330,4.0181
place_0785,1395.2228,1428.9104,31.2621,87.5811
place_0786,1213.0848,1728.6623,9.5984,17.5295
place_0787,1006.8280,1264.1802,75.9967,7.4625
place_0788,1276.5093,1221.3863,3.2062,18.4277
place_0789,573.1176,1149.0263,21.3155,7.7840
place_0790,684.5434,1729.9789,26.1451,69.3486
place_0791,811.0296,1352.3084,11.9382,20.0031
place_0792,1371.2932,1756.7622,29.9597,20.5881
place_0793,1394.2088,1899.1442,2.4951,87.1283
place_0794,943.4147,1928.2148,12.4699,5.4350
place_0795,1446.7476,1642.0433,27.6897,20.0219
place_0796,1042.6425,1564.1784,32.4815,36.3859
place_0797,1018.6716,1568.5682,31.6304,57.8900
place_0798,1294.7760,1410.5163,3.6004,10.3743
place_0799,862.3164,1993.4522,4.1821,20.6503
place_0800,1132.2891,1668.8871,7.3990,12.9959
place_0801,1442.6358,1668.4656,73.8305,29.7091
place_0802,860.8106,1152.7015,35.0364,46.4850
place_0803,752.5855,1033.1146,3.3121,15.5058
place_0804,1102.7051,1075.0835,26.3266,11.7744
place_0805,568.6362,1790.9048,37.9199,42.1603
place_0806,1451.4201,1796.4123,29.1107,44.5870
place_0807,1439.8494,1242.7229,65.4404,40.3276
place_0808,772.7312,1645.4490,12.5666,4.3097
place_0809,1419.7533,1836.6502,1.4033,3.6982
place_0810,1067.8987,1275.2106,30.0110,10.4827
place_0811,935.2987,1426.5759,11.5478,10.1871
place_0812,1053.0150,1488.1189,6.2785,10.5651
place_0813,659.1413,1991.6561,25.7657,18.0590
place_0814,1391.1772,1810.4033,18.2395,25.3952
place_0815,845.0882,1797.1959,4.3499,32.0429
place_0816,554.0295,1933.7506,17.2183,50.8373
place_0817,1458.9167,1687.4145,35.5814,14.1364
place_0818,1344.9092,1323.4237,144.8040,15.8394
place_0819,1041.0179,1751.6436,14.8176,16.7904
place_0820,966.9326,1777.4045,185.3936,15.3117
place_0821,760.1598,1157.6487,16.7800,23.5000
place_0822,648.0716,1716.4307,7.0898,8.5552
place_0823,1388.4906,1843.4027,15.1118,9.7654
place_0824,717.6809,1256.5972,6.5088,199.6817
place_0825,573.4466,1370.6061,106.9831,3.7856
place_0826,1146.2727,1137.8404,83.0040,3.6173
place_0827,1478.0847,1368.6076,108.6436,15.4934
place_0828,712.4563,1706.8082,13.3279,43.2349
place_0829,1462.6553,1108.4184,149.0754,31.3958
place_0830,1206.4914,1957.7549,42.5539,43.5316
place_0831,978.4886,1863.4563,8.6459,21.9219
place_0832,1023.0023,1405.9362,2.4563,11.0697
place_0833,595.9464,1019.4927,14.8441,46.4802
place_0834,796.9186,1558.6681,52.5674,16.4076
place_0835,651.0980,1994.8140,155.1561,65.2157
place_0836,798.3824,1916.3023,35.1242,9.3745
place_0837,656.9379,1028.8282,52.7583,13.4847
place_0838,1371.7173,1794.1974,24.9941,33.9982
place_0839,1380.1221,1723.0183,27.1398,39.5753
place_0840,1188.4081,1541.3742,38.4439,21.1233
place_0841,882.8260,1432.6362,23.1508,16.7563
place_0842,933.5689,1421.8157,12.9963,47.5774
place_0843,1181.8269,1788.0630,19.1721,10.7550
place_0844,1264.7230,1090.5858,25.5711,25.4132
place_0845,1099.5115,1305.7161,56.2288,6.8569
place_0846,548.9933,1281.8713,37.3203,15.6062
place_0847,805.1266,1113.6176,43.2014,54.2744
place_0848,1356.3379,1064.1286,20.5981,20.0211
place_0849,1319.8420,1736.1823,56.7052,104.1269
place_0850,998.8824,1805.1422,40.2790,8.1844
place_0851,703.6402,1837.4471,8.2842,199.7919
place_0852,695.0415,1382.6082,9.4619,7.4584
place_0853,1078.0358,1879.0965,17.1344,12.9264
place_0854,576.0800,1629.1510,10.9424,154.3648
place_0855,1137.6616,1747.0276,8.2618,97.7106
place_0856,1324.5514,1234.3769,6.6084,24.9671
place_0857,1498.7079,1235.4400,65.3734,20.3583
place_0858,1252.4729,1431.4405,33.3722,33.8019
place_0859,1155.5623,1454.7439,5.0456,8.9958
place_0860,1112.9530,1303.5723,66.8776,88.4920
place_0861,1435.7705,1166.3783,11.1166,39.4422
place_0862,1370.9578,1868.6711,47.7909,27.6503
place_0863,1438.2873,1488.2583,21.3895,45.4489
place_0864,1451.3075,1617.8544,11.4367,5.2442
place_0865,1010.7869,1780.8796,41.3000,27.8076
place_0866,646.0424,1968.4930,72.7851,17.0056
place_0867,1138.1634,1506.1377,5.9104,22.7322
place_0868,972.7371,1374.6580,7.8315,70.3727
place_0869,1017.1519,1581.8754,67.1748,19.1108
place_0870,1257.8726,1889.8403,31.1463,22.2228
place_0871,961.4843,1996.8744,22.0618,7.4415
place_0872,565.6938,1521.3724,11.1303,26.5231
place_0873,1464.7220,1645.4175,114.2060,89.6459
place_0874,1240.2826,1272.6200,11.9155,59.8500
place_0875,989.3173,1348.2763,16.9710,17.4351
place_0876,805.1497,1067.3661,55.1390,99.6955
place_0877,597.2364,1265.5497,17.6546,89.4079
place_0878,1246.0866,1844.0461,34.6413,19.6415
place_0879,977.2674,1503.3990,9.1040,79.0033
place_0880,583.3908,1137.0491,14.9027,28.8207
place_0881,975.8353,1034.9222,18.0069,58.2566
place_0882,915.0066,1837.9719,10.4568,13.6289
place_0883,1467.9012,1767.4580,18.7757,27.7812
place_0884,1345.8522,1464.4008,17.9389,10.4945
place_0885,956.4013,1526.4784,16.3996,8.7993
place_0886,663.3914,1175.1861,3.2272,17.8583
place_0887,759.7788,1015.4964,40.3469,26.3101
place_0888,501.6149,1729.1871,15.6636,15.2568
place_0889,803.4002,1351.3933,17.0305,15.0545
place_0890,1432.1780,1321.1471,20.2754,41.4106
place_0891,1064.1145,1861.5187,33.2291,53.3675
place_0892,1139.5463,1690.9848,112.5459,43.2785
place_0893,1027.2784,1092.4763,8.2752,29.2816
place_0894,575.4874,1015.7478,14.0834,21.5117
place_0895,752.1147,1459.1223,9.8590,35.4441
place_0896,1306.9687,1067.7787,57.3151,10.2682
place_0897,1036.0869,1268.6078,8.8808,13.8370
place_0898,546.7031,1373.4509,10.2238,7.4809
place_0899,562.5009,1644.1571,23.6812,9.0715
place_0900,920.9998,1714.6433,24.4043,12.7298
place_0901,750.4466,1076.2966,247.8742,10.6025
place_0902,978.0292,1908.9411,9.8892,11.8767
place_0903,1356.3214,1640.2399,40.4581,0.9881
place_0904,856.5579,1708.3645,20.4757,10.5506
place_0905,1429.7425,1718.8329,6.0528,7.5536
place_0906,1400.5092,1299.4920,41.1149,28.5946
place_0907,1131.3631,1246.0027,31.4905,6.6992
place_0908,1478.5916,1265.4574,19.5054,9.5026
place_0909,698.0349,1542.4953,28.9829,359.3209
place_0910,793.6757,1326.5032,29.0510,58.2236
place_0911,1324.3349,1280.8691,60.5309,25.9640
place_0912,817.2316,1655.9901,9.4234,94.6683
place_0913,1006.2496,1431.3922,21.9433,8.8842
place_0914,1486.2697,1562.2584,78.0484,30.4754
place_0915,1447.0120,1430.2509,30.1799,6.6502
place_0916,724.8152,1305.0783,253.7431,36.0695
place_0917,1094.4603,1081.3785,25.4442,63.8317
place_0918,1284.1221,1892.0895,129.1517,9.4914
place_0919,1327.4662,1129.6163,11.6372,5.1361
place_0920,537.0561,1261.7311,15.3733,24.5112
place_0921,1274.1612,1541.7867,6.0728,16.1410
place_0922,1375.9741,1355.1170,9.6260,28.9099
place_0923,941.6142,1857.8789,178.8589,72.1686
place_0924,1300.3838,1472.5177,21.1122,7.3877
place_0925,660.2426,1951.2523,5.3646,24.2040
place_0926,810.3293,1180.0519,15.7543,5.1185
place_0927,755.4430,1346.1320,32.0008,49.9721
place_0928,1280.6173,1049.7547,13.5999,32.3154
place_0929,587.4964,1676.6312,8.2899,10.0460
place_0930,863.0022,1656.2374,23.4727,42.6231
place_0931,1325.9831,1259.6463,39.4991,26.2382
place_0932,507.8425,1588.6779,7.7850,80.7234
place_0933,939.9409,1522.5044,20.8127,14.0312
place_0934,1383.1743,1738.7065,8.8622,8.2412
place_0935,1272.2951,1576.0806,19.3044,18.6873
place_0936,734.5370,1488.2835,29.2680,5.5595
place_0937,739.5691,1556.2388,18.1362,40.5226
place_0938,531.1189,1245.7163,4.0548,33.1316
place_0939,884.8919,1069.1295,20.4751,3.8776
place_0940,505.8301,1545.2967,7.3638,37.6019
place_0941,1125.0825,1376.8354,31.3628,18.6272
place_0942,725.5684,1797.2702,13.3805,6.1717
place_0943,1176.1179,1449.3035,6.0453,16.6535
place_0944,962.3699,1716.0023,19.2316,30.5387
place_0945,1495.0456,1144.1885,42.4032,54.3060
place_0946,1408.7813,1376.0659,15.7959,8.8089
place_0947,1424.8586,1417.8177,58.1546,52.5428
place_0948,1461.1483,1748.2594,80.6907,34.7234
place_0949,1240.5767,1011.3245,12.1608,10.3933
place_0950,556.2897,1604.4017,3.5421,33.5063
place_0951,535.3134,1068.2513,23.2102,54.7536
place_0952,700.0533,1930.9423,2.6337,121.3147
place_0953,932.6258,1438.7357,32.4043,14.1695
place_0954,833.8824,1189.8093,17.7998,2.7199
place_0955,897.3519,1465.8336,5.1374,7.6841
place_0956,1150.8969,1378.0416,10.6187,24.2827
place_0957,1206.8825,1688.8288,7.3255,5.8680
place_0958,1163.2462,1798.0757,18.9660,3.7272
place_0959,911.2273,1287.7978,9.6443,42.5226
place_0960,822.2127,1860.5398,12.8546,82.0706
place_0961,661.7830,1405.5764,9.6279,15.8422
place_0962,546.3713,1851.7166,46.9065,7.6667
place_0963,884.5009,1343.8184,40.9377,66.4277
place_0964,1419.7208,1372.1191,26.3082,27.2570
place_0965,1237.5536,1556.9523,1.8861,4.8842
place_0966,1261.5115,1394.7024,26.5114,15.6765
place_0967,1230.6039,1619.8204,5.6842,9.5075
place_0968,665.6829,1771.0051,19.8514,5.9593
place_0969,981.5749,1584.6034,13.7336,6.4458
place_0970,1294.2527,1067.3530,13.9484,107.9531
place_0971,1343.7142,1335.6547,14.1035,22.0631
place_0972,1309.8110,1303.0503,1.8541,56.3666
place_0973,894.7447,1017.3453,28.4189,7.7442
place_0974,1046.9984,1852.4888,11.7701,48.9964
place_0975,1187.5830,1630.2090,39.2722,11.4061
place_0976,984.4983,1803.0960,9.4680,46.0720
place_0977,1265.3127,1131.8394,41.0326,8.9990
place_0978,1053.6373,1514.4684,10.7040,44.6929
place_0979,987.6414,1931.5829,25.1138,15.4683
place_0980,1309.7018,1126.4693,19.5160,57.7312
place_0981,1158.6490,1077.0901,1.9736,13.3107
place_0982,1194.3344,1822.2807,16.1701,5.2179
place_0983,1348.7082,1133.6039,15.1438,118.4767
place_0984,1284.4823,1945.4381,66.3911,5.0348
place_0985,946.1593,1641.9385,14.9529,13.9739
place_0986,924.8895,1525.2919,14.9547,21.4023
place_0987,1201.9908,1514.4933,33.6242,25.1306
place_0988,765.4245,1151.0429,14.3383,13.1598
place_0989,868.2463,1025.3499,89.5246,14.8364
place_0990,542.9825,1154.7455,42.8882,29.5096
place_0991,713.4393,1797.9610,27.9649,6.6416
place_0992,1070.3489,1569.5574,53.1177,29.3164
place_0993,992.4190,1153.4711,14.8340,46.9088
place_0994,1317.5058,1296.5806,4.8149,24.2346
place_0995,962.7568,1330.1613,78.6510,25.6448
place_0996,1357.4144,1261.2067,35.8204,27.9015
place_0997,561.1788,1479.4428,15.0786,9.5105
place_0998,682.6821,1582.5280,4.0195,4.1947
place_0999,1021.6492,1710.1193,4.2758,28.2743
